PRAGMA foreign_keys=OFF;
BEGIN TRANSACTION;
CREATE TABLE golfClubs (
  id INTEGER PRIMARY KEY AUTOINCREMENT,
  name TEXT NOT NULL,
  description TEXT,
  icon TEXT,
  createdAt TEXT,
  isDefault INTEGER DEFAULT 0
);
INSERT INTO golfClubs VALUES(1,'Driver',NULL,'DriverIcon','2025-07-12T09:48:11.509Z',1);
INSERT INTO golfClubs VALUES(2,'3 Wood',NULL,'WoodIcon','2025-07-12T09:48:11.509Z',1);
INSERT INTO golfClubs VALUES(3,'5 Wood',NULL,'WoodIcon','2025-07-12T09:48:11.509Z',1);
INSERT INTO golfClubs VALUES(4,'3 Hybrid',NULL,'HybridIcon','2025-07-12T09:48:11.509Z',1);
INSERT INTO golfClubs VALUES(5,'4 Hybrid',NULL,'HybridIcon','2025-07-12T09:48:11.509Z',1);
INSERT INTO golfClubs VALUES(6,'3 Iron',NULL,'IronIcon','2025-07-12T09:48:11.509Z',1);
INSERT INTO golfClubs VALUES(7,'4 Iron',NULL,'IronIcon','2025-07-12T09:48:11.509Z',1);
INSERT INTO golfClubs VALUES(8,'5 Iron',NULL,'IronIcon','2025-07-12T09:48:11.509Z',1);
INSERT INTO golfClubs VALUES(9,'6 Iron',NULL,'IronIcon','2025-07-12T09:48:11.509Z',1);
INSERT INTO golfClubs VALUES(10,'7 Iron',NULL,'IronIcon','2025-07-12T09:48:11.509Z',1);
INSERT INTO golfClubs VALUES(11,'8 Iron',NULL,'IronIcon','2025-07-12T09:48:11.509Z',1);
INSERT INTO golfClubs VALUES(12,'9 Iron',NULL,'IronIcon','2025-07-12T09:48:11.509Z',1);
INSERT INTO golfClubs VALUES(13,'PW','Pitching Wedge','WedgeIcon','2025-07-12T09:48:11.509Z',1);
INSERT INTO golfClubs VALUES(14,'GW','Gap Wedge','WedgeIcon','2025-07-12T09:48:11.509Z',1);
INSERT INTO golfClubs VALUES(15,'SW','Sand Wedge','WedgeIcon','2025-07-12T09:48:11.509Z',1);
INSERT INTO golfClubs VALUES(16,'LW','Lob Wedge','WedgeIcon','2025-07-12T09:48:11.509Z',1);
INSERT INTO golfClubs VALUES(17,'Putter',NULL,'PutterIcon','2025-07-12T09:48:11.509Z',1);
INSERT INTO golfClubs VALUES(18,'JDs Driver','Min special driver','DriverIcon','2025-07-12T09:48:36.527Z',0);
CREATE TABLE golfBags (
  id INTEGER PRIMARY KEY AUTOINCREMENT,
  name TEXT NOT NULL,
  description TEXT,
  icon TEXT,
  createdAt TEXT,
  updatedAt TEXT
);
INSERT INTO golfBags VALUES(1,'Jonathans Bag','Min standard bag','','2025-07-12T09:49:18.697Z','2025-07-12T09:49:18.697Z');
CREATE TABLE golfClubRelations (
  id INTEGER PRIMARY KEY AUTOINCREMENT,
  createdAt TEXT,
  clubId INTEGER NOT NULL,
  bagId INTEGER NOT NULL,
  FOREIGN KEY(clubId) REFERENCES golfClubs(id),
  FOREIGN KEY(bagId) REFERENCES golfBags(id)
);
INSERT INTO golfClubRelations VALUES(1,'2025-07-12T09:49:18.864Z',1,1);
INSERT INTO golfClubRelations VALUES(2,'2025-07-12T09:49:18.903Z',3,1);
INSERT INTO golfClubRelations VALUES(3,'2025-07-12T09:49:18.936Z',4,1);
INSERT INTO golfClubRelations VALUES(4,'2025-07-12T09:49:18.965Z',5,1);
INSERT INTO golfClubRelations VALUES(5,'2025-07-12T09:49:19.001Z',8,1);
INSERT INTO golfClubRelations VALUES(6,'2025-07-12T09:49:19.035Z',10,1);
INSERT INTO golfClubRelations VALUES(7,'2025-07-12T09:49:19.066Z',9,1);
INSERT INTO golfClubRelations VALUES(8,'2025-07-12T09:49:19.101Z',11,1);
INSERT INTO golfClubRelations VALUES(9,'2025-07-12T09:49:19.134Z',12,1);
INSERT INTO golfClubRelations VALUES(10,'2025-07-12T09:49:19.163Z',13,1);
INSERT INTO golfClubRelations VALUES(11,'2025-07-12T09:49:19.205Z',15,1);
INSERT INTO golfClubRelations VALUES(12,'2025-07-12T09:49:19.234Z',14,1);
INSERT INTO golfClubRelations VALUES(13,'2025-07-12T09:49:19.272Z',18,1);
INSERT INTO golfClubRelations VALUES(14,'2025-07-12T09:49:19.304Z',17,1);
DELETE FROM sqlite_sequence;
INSERT INTO sqlite_sequence VALUES('golfClubs',18);
INSERT INTO sqlite_sequence VALUES('golfBags',1);
INSERT INTO sqlite_sequence VALUES('golfClubRelations',14);
COMMIT;
